loss,grad_norm,learning_rate,epoch,step,eval_loss,eval_runtime,eval_samples_per_second,eval_steps_per_second,train_runtime,train_samples_per_second,train_steps_per_second,total_flos,train_loss
0.3774932146072388,1.8967909812927246,3.7500000000000003e-05,0.025,10,,,,,,,,,
0.055497759580612184,0.4036921262741089,7.916666666666666e-05,0.05,20,,,,,,,,,
0.04399715662002564,1.1319706439971924,9.998975666229445e-05,0.075,30,,,,,,,,,
0.019265401363372802,0.07874651253223419,9.990783514116257e-05,0.1,40,,,,,,,,,
0.006121332570910454,0.06617994606494904,9.974412634911467e-05,0.125,50,,,,,,,,,
,,,0.125,50,0.004295828752219677,230.5343,1.735,1.735,,,,,
0.0068213120102882385,0.5349778532981873,9.949889856657788e-05,0.15,60,,,,,,,,,
0.021822725236415864,0.061806146055459976,9.917255366454157e-05,0.175,70,,,,,,,,,
0.014722660183906555,0.015438099391758442,9.876562644598486e-05,0.2,80,,,,,,,,,
0.019271159172058107,0.030723141506314278,9.827878376945958e-05,0.225,90,,,,,,,,,
0.0006635967176407576,0.003935526590794325,9.771282345626505e-05,0.25,100,,,,,,,,,
,,,0.25,100,0.002159092342481017,229.7778,1.741,1.741,,,,,
0.021894745528697968,0.6510710716247559,9.706867298300552e-05,0.275,110,,,,,,,,,
0.001540010143071413,0.03321968391537666,9.634738796167295e-05,0.3,120,,,,,,,,,
0.0027574261650443075,0.0024809804745018482,9.555015040974578e-05,0.325,130,,,,,,,,,
0.0037094246596097945,0.005533462855964899,9.467826681313864e-05,0.35,140,,,,,,,,,
0.001799759641289711,0.18535363674163818,9.373316598517763e-05,0.375,150,,,,,,,,,
,,,0.375,150,0.001965378876775503,229.859,1.74,1.74,,,,,
0.00029393767472356557,0.0021996439900249243,9.271639672510917e-05,0.4,160,,,,,,,,,
0.005792561173439026,0.0018719984218478203,9.162962527998038e-05,0.425,170,,,,,,,,,
0.001487523876130581,0.026590896770358086,9.04746326140498e-05,0.45,180,,,,,,,,,
0.005357013270258904,0.26284247636795044,8.925331149020339e-05,0.475,190,,,,,,,,,
0.005545657873153686,0.06784062087535858,8.796766336815883e-05,0.5,200,,,,,,,,,
,,,0.5,200,0.0028565209358930588,229.2505,1.745,1.745,,,,,
0.008075421303510666,0.017509333789348602,8.661979512454104e-05,0.525,210,,,,,,,,,
0.00229564756155014,0.04173991456627846,8.521191560020417e-05,0.55,220,,,,,,,,,
0.009794475883245468,0.5430987477302551,8.374633198045785e-05,0.575,230,,,,,,,,,
0.0007135950028896332,0.002449279185384512,8.222544601413005e-05,0.6,240,,,,,,,,,
0.00702781081199646,0.0015545289497822523,8.065175007766248e-05,0.625,250,,,,,,,,,
,,,0.625,250,0.0017186716431751847,229.4625,1.743,1.743,,,,,
0.0029556579887866975,0.007700546644628048,7.90278230906883e-05,0.65,260,,,,,,,,,
0.002659929357469082,0.1340324878692627,7.735632628978601e-05,0.675,270,,,,,,,,,
0.002171183004975319,0.012293386273086071,7.563999886733501e-05,0.7,280,,,,,,,,,
0.008329306542873383,0.6113342642784119,7.388165348261982e-05,0.725,290,,,,,,,,,
0.004847587645053863,0.12778964638710022,7.208417165253928e-05,0.75,300,,,,,,,,,
,,,0.75,300,0.0018102957401424646,230.0175,1.739,1.739,,,,,
0.003322090208530426,0.006314074154943228,7.025049902947418e-05,0.775,310,,,,,,,,,
0.0005454242695122957,0.010719405487179756,6.838364057405184e-05,0.8,320,,,,,,,,,
0.001873972825706005,0.03234977275133133,6.648665563071834e-05,0.825,330,,,,,,,,,
0.012985283136367798,0.007560033816844225,6.456265291418841e-05,0.85,340,,,,,,,,,
0.006124354526400566,0.05568539351224899,6.2614785414989e-05,0.875,350,,,,,,,,,
,,,0.875,350,0.0016159559600055218,231.3193,1.729,1.729,,,,,
0.0007298238575458527,0.014036469161510468,6.06462452324451e-05,0.9,360,,,,,,,,,
0.021994748711586,0.014079279266297817,5.8660258343575405e-05,0.925,370,,,,,,,,,
0.0013823607936501504,0.004795407876372337,5.666007931647038e-05,0.95,380,,,,,,,,,
0.00027557953726500275,0.0017579183913767338,5.4648985976816295e-05,0.975,390,,,,,,,,,
0.009075504541397095,0.0016595784109085798,5.2630274036305335e-05,1.0,400,,,,,,,,,
,,,1.0,400,0.0013515832833945751,229.5152,1.743,1.743,,,,,
0.0013952826149761677,0.0015735263004899025,5.060725169173495e-05,1.025,410,,,,,,,,,
0.01014217957854271,0.08070361614227295,4.8583234203646804e-05,1.05,420,,,,,,,,,
0.0047422081232070925,0.0014127135509625077,4.6561538463390084e-05,1.075,430,,,,,,,,,
0.0022015785798430443,0.00951859075576067,4.454547755751226e-05,1.1,440,,,,,,,,,
0.002133714593946934,0.0013889102265238762,4.2538355338384895e-05,1.125,450,,,,,,,,,
,,,1.125,450,0.0011908523738384247,229.7214,1.741,1.741,,,,,
0.0005485858302563429,0.0055513642728328705,4.054346100996232e-05,1.15,460,,,,,,,,,
0.00011390105355530977,0.0010677912505343556,3.856406373754545e-05,1.175,470,,,,,,,,,
0.00011600636644288897,0.00241313804872334,3.6603407290384357e-05,1.2,480,,,,,,,,,
0.000535857118666172,0.0003457434650044888,3.466470472589909e-05,1.225,490,,,,,,,,,
0.00038449543062597514,0.0013719936832785606,3.2751133124229805e-05,1.25,500,,,,,,,,,
,,,1.25,500,0.001210304326377809,229.5586,1.742,1.742,,,,,
0.006096750497817993,0.0011903931153938174,3.086582838174551e-05,1.275,510,,,,,,,,,
0.0011920318007469176,0.00042747531551867723,2.901188007204316e-05,1.3,520,,,,,,,,,
0.0030539628118276597,0.7919870615005493,2.719232638285898e-05,1.325,530,,,,,,,,,
0.008766882866621018,0.0030972780659794807,2.54101491371894e-05,1.35,540,,,,,,,,,
0.0012996856123209,0.0052572134882211685,2.3668268906780274e-05,1.375,550,,,,,,,,,
,,,1.375,550,0.0012216218747198582,231.5599,1.727,1.727,,,,,
0.00021376963704824447,0.009774011559784412,2.1969540225992923e-05,1.4,560,,,,,,,,,
0.003199165314435959,0.0017685075290501118,2.0316746913889712e-05,1.425,570,,,,,,,,,
0.003756151348352432,0.0019177162321284413,1.871259751220566e-05,1.45,580,,,,,,,,,
0.0007171874865889549,0.0011720787733793259,1.7159720846681953e-05,1.475,590,,,,,,,,,
0.0020240403711795805,0.003227819921448827,1.566066171903528e-05,1.5,600,,,,,,,,,
,,,1.5,600,0.001196343102492392,230.1674,1.738,1.738,,,,,
0.002243022248148918,0.006783591117709875,1.4217876736622849e-05,1.525,610,,,,,,,,,
0.008998361229896546,0.0009691226878203452,1.2833730286637514e-05,1.55,620,,,,,,,,,
0.008632639050483703,0.0009100622264668345,1.151049066143003e-05,1.575,630,,,,,,,,,
0.0039038028568029403,0.0024207921233028173,1.0250326341308276e-05,1.6,640,,,,,,,,,
0.006136291101574898,0.0891856998205185,9.055302440905177e-06,1.625,650,,,,,,,,,
,,,1.625,650,0.001186017063446343,230.1054,1.738,1.738,,,,,
0.0015972396358847618,0.0050133150070905685,7.927377324938801e-06,1.65,660,,,,,,,,,
0.0001354793319478631,0.007494036108255386,6.868399398910391e-06,1.675,670,,,,,,,,,
0.005241314321756363,0.005145673174411058,5.8801040800001815e-06,1.7,680,,,,,,,,,
0.0022055132314562796,0.0008635360281914473,4.964110953124307e-06,1.725,690,,,,,,,,,
0.00011772813741117716,0.0007555627962574363,4.121921116813948e-06,1.75,700,,,,,,,,,
,,,1.75,700,0.0011495575308799744,229.3488,1.744,1.744,,,,,
0.0001154747442342341,0.0004132794856559485,3.354914723265867e-06,1.775,710,,,,,,,,,
0.0005384373944252729,0.0010638111270964146,2.6643487165956604e-06,1.8,720,,,,,,,,,
0.00038659346755594016,0.0007623762357980013,2.0513547730003355e-06,1.825,730,,,,,,,,,
0.009976562112569809,0.023229774087667465,1.5169374462056242e-06,1.85,740,,,,,,,,,
0.005236157774925232,0.38437604904174805,1.0619725212373754e-06,1.875,750,,,,,,,,,
,,,1.875,750,0.0011506659211590886,229.3449,1.744,1.744,,,,,
0.003134022653102875,0.005501639563590288,6.872055792146614e-07,1.9,760,,,,,,,,,
0.00010713041992858053,0.0006635566242039204,3.932507755167236e-07,1.925,770,,,,,,,,,
0.0020463673397898676,0.0010755539406090975,1.805898333258782e-07,1.95,780,,,,,,,,,
0.0001642974209971726,0.013759579509496689,4.957125419590147e-08,1.975,790,,,,,,,,,
0.00041452250443398955,0.25505051016807556,4.0974693947259944e-10,2.0,800,,,,,,,,,
,,,2.0,800,0.0011489477474242449,230.0028,1.739,1.739,,,,,
,,,2.0,800,,,,,14708.7944,0.435,0.054,1.7896113455603712e+17,0.010462481619906611
